time,ais_frequency,resonance,beat_frequency,intermod_frequency,topology_mismatch,spike_rate,scorch_depth,noise_level,island_Delta_power,island_Delta_freq,island_Theta_power,island_Theta_freq,island_Alpha_power,island_Alpha_freq,island_Beta_3_power,island_Beta_3_freq,island_Beta_power,island_Beta_freq,island_Gamma_power,island_Gamma_freq
1.0,7.668200895226112,0.6010478569348293,1.6682008952261116,1.1658995523869442,0.7347235262163021,104.0,0.0,0.1,0.0,2,0.26527647378369784,6,0.4965243091859954,10,0.13271068312631176,15,0.0507538254657721,22,0.05473470829656145,40
1.5,8.517722839955043,0.6844091254187031,1.4822771600449567,1.2588614199775217,0.44664982385018914,132.5,0.0,0.1,0.0,2,0.26423759721823065,6,0.5533501761498109,10,0.09124217385129456,15,0.05645339916830826,22,0.034716653489644866,40
2.0,10.0,0.759735961285605,0.0,2.0,0.34188532689246687,143.5,0.00151947192257121,0.1,0.0,2,0.20209207046339356,6,0.6581146731075331,10,0.07429637516239856,15,0.038123309637990085,22,0.027373571536396253,40
2.5,9.071863284295912,0.7816802860704387,0.9281367157040883,1.5359316421479559,0.33627622289419457,148.0,0.003082832494712088,0.1,0.0,2,0.2373660004101488,6,0.6637237771058054,10,0.05952982985456422,15,0.016579213631876453,22,0.022801178918796752,40
3.0,9.012590917595704,0.752807024080871,0.9874090824042963,1.5062954587978519,0.40745012937905556,142.5,0.00458844654287383,0.1,0.0,2,0.29955227699422865,6,0.5925498706209444,10,0.07747500249540547,15,0.0068976061095343605,22,0.023525243693770865,40
3.5,8.900957012761594,0.7241006190972551,1.0990429872384055,1.4504785063807972,0.46923021621826,134.0,0.00603664778106834,0.1,0.0,2,0.34644598479294986,6,0.53076978378174,10,0.08461399228511918,15,0.012798878377997978,22,0.025371360669218645,40
4.0,7.5612135736154285,0.6936134621394916,1.5612135736154285,1.2193932131922858,0.5735252862463492,127.5,0.006024580522153985,0.1,0.0,2,0.42647471375365076,6,0.4411230077722984,10,0.08977470668415985,15,0.010611067854017362,22,0.03201650383434274,40
4.5,5.461298359243842,0.6572474252364575,0.538701640756158,1.730649179621921,0.4129980546848342,143.0,0.006012537385690199,0.1,0.0,2,0.5870019453151658,6,0.24828631572330326,10,0.09061305976451972,15,0.03716200434597095,22,0.03693667473868851,40
5.0,6.000000000000001,0.6182389266629479,8.881784197001252e-16,1.9999999999999996,0.4667170107256653,119.0,0.0060005183234562035,0.1,0.0,2,0.5332829892743347,6,0.20189710699091326,10,0.1758507354382941,15,0.04516963048188474,22,0.043799537698322726,40
5.5,6.000000000000001,0.6818200614299216,8.881784197001252e-16,1.9999999999999996,0.3819172822675082,143.0,0.005988523287327615,0.1,0.0,2,0.6180827177324918,6,0.15076956284789347,10,0.15789972539725491,15,0.023839855209246814,22,0.04940813867212929,40
6.0,5.773531559938253,0.6651041610282759,0.2264684400617467,1.8867657799691266,0.39211339047340754,176.5,0.005976552229276247,0.1,0.0,2,0.6078866095265925,6,0.15562871307268727,10,0.14234151227681816,15,0.03798357625410607,22,0.05615958873346368,40
6.5,7.006606153358579,0.5687573355464883,1.0066061533585788,1.4966969233207106,0.5769727668874327,97.0,0.005964605101369923,0.1,0.0,2,0.42302723311256735,6,0.26995805410254775,10,0.1665866617543414,15,0.07142284910353258,22,0.0690052018085489,40
7.0,8.21301809383617,0.5834736335855284,1.7869819061638292,1.1065090469180854,0.7722616079876049,104.0,0.005952681855772285,0.1,0.0,2,0.5009484127458821,6,0.2277383920123951,10,0.1439140107215209,15,0.0690316206375585,22,0.05836756377248861,40
7.5,7.208745524147784,0.6184483063023126,1.2087455241477842,1.3956272379261079,0.5694233277767577,115.0,0.005940782444742596,0.1,0.0,2,0.4305766722232423,6,0.33381797143354536,10,0.14296361296501545,15,0.05066074604227037,22,0.04198099721954378,40
8.0,7.5629889209605246,0.5509514972422348,1.5629889209605246,1.2185055395197377,0.6700329088920369,103.0,0.0059289068206355554,0.1,0.0,2,0.3299670911079631,6,0.3517354334550406,10,0.21548441672928562,15,0.06883111353945948,22,0.033981945068075906,40
8.5,8.109303200877964,0.5531107936238187,1.8906967991220363,1.0546516004389819,0.6796911728297984,96.0,0.005917054935901105,0.1,0.0,2,0.3513899752364744,6,0.3203088271702016,10,0.22454215099120814,15,0.053318458051725415,22,0.05044058839173785,40
9.0,7.240569147741033,0.5322909520670224,1.2405691477410334,1.3797154261294833,0.6519514058140813,102.0,0.005905226743084239,0.1,0.0,2,0.3480485941859187,6,0.3154149245135017,10,0.1743307258619808,15,0.06902266274054021,22,0.09318309247805316,40
9.5,2.6438639774329147,0.21020676030903587,0.6438639774329147,1.6780680112835427,1.0,43.5,0.005893422194824813,0.1,0.0,2,0.3615895967089237,6,0.33891879694695515,10,0.1934557337592869,15,0.02878936473586643,22,0.07724650761295265,40
10.0,5.807710390831979,0.4789092732756364,0.19228960916802063,1.9038551954159897,0.6654858942199101,138.0,0.005881641243857358,0.1,0.0,2,0.3345141057800899,6,0.3800731185315595,10,0.2101519795735765,15,0.013764334196915804,22,0.06149646166857091,40
10.5,3.8788343355134467,0.2227888680948416,1.8788343355134467,1.0605828322432767,1.0,42.0,0.005869883843010887,0.1,0.0,2,0.20253855799747084,6,0.5199231444312699,10,0.18817249325189814,15,0.051351614599603676,22,0.03801418956284771,40
11.0,6.928497586283843,0.46303497268863436,0.9284975862838429,1.5357512068580785,0.8725240516706485,67.0,0.005858149945208708,0.1,0.0,2,0.12747594832935144,6,0.5675113345903637,10,0.20559883164049447,15,0.06395694734552802,22,0.035456937977264784,40
11.5,8.166837656993783,0.6643150868389859,1.833162343006217,1.0834188284968915,0.3103645451900897,142.0,0.005846439503468235,0.1,0.0,2,0.10696993102793956,6,0.6896354548099103,10,0.13002245472634494,15,0.03694237903289624,22,0.036429780285483014,40
12.0,8.76176711723816,0.6922630607991541,1.2382328827618405,1.3808835586190797,0.30518919693977853,146.0,0.005834752470900801,0.1,0.0,2,0.05305290104721837,6,0.6948108030602215,10,0.1690262590373488,15,0.041065160274418394,22,0.04204487648285667,40
12.5,9.999999999999998,0.6749170842305132,1.7763568394002505e-15,1.9999999999999991,0.39363961655653334,139.5,0.005823088800711471,0.1,0.0,2,0.05760428601170295,6,0.6063603834434667,10,0.1798425037933861,15,0.09165035466503912,22,0.06454247200753861,40
13.0,10.0,0.7255887090828569,0.0,2.0,0.32550281922376445,143.5,0.007274266218877184,0.1,0.0,2,0.0330237710679447,6,0.6744971807762355,10,0.15034205168007114,15,0.0802696959893444,22,0.061867300392842266,40
13.5,9.999999999999998,0.7563708102060749,1.7763568394002505e-15,1.9999999999999991,0.3049402495740644,158.0,0.008787007839289334,0.1,0.0,2,0.038649646705946256,6,0.6950597504259356,10,0.18210009625682438,15,0.04368228872013118,22,0.04050821777116193,40
14.0,10.328979681195248,0.7166838794006825,0.3289796811952481,2.164489840597624,0.35496723651450945,174.0,0.010220375598090697,0.1,0.0,2,0.056709146223347835,6,0.6450327634854905,10,0.1863984539892304,15,0.06012255161378373,22,0.05173708454128842,40
14.5,5.953079831788936,0.30733183976031136,0.04692016821106382,1.976539915894468,0.9338488745117186,52.5,0.010199945067270113,0.1,0.0,2,0.06615112548828136,6,0.5936020887795124,10,0.20919810370491837,15,0.07105657057282573,22,0.05999211128657208,40
15.0,8.47278115005961,0.5370810338268985,1.5272188499403896,1.2363905750298052,0.47411627837595827,115.0,0.010179555377080641,0.1,0.0,2,0.07586023878719973,6,0.5258837216240417,10,0.2249681719668804,15,0.09627358075222876,22,0.07701428667725646,40
15.5,8.063528422718752,0.37992025997329926,1.9364715772812477,1.0317642113593761,0.5905025449514965,64.5,0.010159206445881858,0.1,0.0,2,0.02732285858180898,6,0.4094974550485036,10,0.37461855550795436,15,0.07352173224553198,22,0.11503939834200429,40
16.0,8.331549938841203,0.34763831908508364,1.6684500611587971,1.1657749694206014,0.7031667389334602,74.0,0.01013889819219654,0.1,0.0,2,0.0783163725739927,6,0.29683326106653984,10,0.41909295647183514,15,0.08324036400941175,22,0.12251704554734857,40
16.5,6.151678315815772,0.27648703533010116,0.15167831581577218,1.924160842092114,0.9327228343399615,97.0,0.01011863053471034,0.1,0.0,2,0.06727716566003845,6,0.46825003670086135,10,0.28120244651577764,15,0.06440751334622907,22,0.11886283743613224,40
17.0,5.189244568515161,0.19841775039671608,0.8107554314848393,1.5946222842575803,0.9646087485343217,56.0,0.010098403392271454,0.1,0.0,2,0.035391251465678376,6,0.5903646499524954,10,0.22938347824758598,15,0.0454782196487926,22,0.099382400400239,40
17.5,8.150632479954488,0.5440926405745785,1.8493675200455115,1.0753162399772442,0.40580916490866836,102.5,0.010078216683890303,0.1,0.0,2,0.04812889735714146,6,0.5941908350913316,10,0.2100234745004862,15,0.07001886069041832,22,0.0776379320890793,40
18.0,6.093576331667847,0.2782748494567723,0.09357633166784662,1.9532118341660767,0.9362698884960625,83.5,0.010058070328739207,0.1,0.0,2,0.0637301115039375,6,0.4927635249365114,10,0.28659096746000196,15,0.07421842447217655,22,0.0826969713785025,40
18.5,5.850398345494489,0.263823705085089,0.14960165450551077,1.9251991727472446,0.8786416774689324,88.5,0.010037964246152057,0.1,0.0,2,0.12135832253106761,6,0.36344735668246203,10,0.3123270124733695,15,0.10238539985956469,22,0.10048190825364489,40
19.0,5.2837142584001455,0.2901380235670889,0.7162857415998545,1.6418571292000728,0.7914379577692618,66.0,0.010017898355623998,0.1,0.0,2,0.2085620422307381,6,0.29542263486716636,10,0.2997861353303862,15,0.072782119854263,22,0.12344706744549983,40
19.5,2.6424970555620835,0.1712346120835952,0.6424970555620835,1.6787514722189583,1.0,45.5,0.009997872576811105,0.1,0.0,2,0.29257565910689814,6,0.2991429882585298,10,0.21604481208466106,15,0.0843251678110833,22,0.10791137245664409,40
20.0,2.746794020405213,0.11420775714551139,0.746794020405213,1.6266029897973935,1.0,48.0,0.009977886829530061,0.1,0.0,2,0.15897111017095975,6,0.4808051346757952,10,0.18875775495694028,15,0.07530339585633314,22,0.09616260410664007,40
20.5,5.589024101659975,0.3736246166425256,0.4109758983400251,1.7945120508299874,0.7637823256536471,66.0,0.009957941033757831,0.1,0.0,2,0.2362176743463529,6,0.40675383498945883,10,0.22057905206971595,15,0.0669088430540506,22,0.06954059536931528,40
21.0,7.609079790170586,0.6376791536565262,1.6090797901705862,1.195460104914707,0.7004605911739232,109.5,0.00993803510963135,0.1,0.0,2,0.29953940882607677,6,0.5110290552612892,10,0.1307874975237496,15,0.019868790718584314,22,0.03877524753286733,40
21.5,8.708925465365155,0.735982021082285,1.291074534634845,1.3544627326825776,0.4107339575148693,146.0,0.01140999915179592,0.1,0.0,2,0.2842336027855876,6,0.5892660424851307,10,0.08801049657356871,15,0.010780329479189013,22,0.0277095285768031,40
22.0,10.0,0.7645761254032748,0.0,2.0,0.3556128456294916,157.0,0.012939151402602468,0.1,0.0,2,0.24913026222278742,6,0.6443871543705084,10,0.07124575136319031,15,0.009458064853147246,22,0.02577876710156494,40
22.5,10.0,0.7467730910260224,0.0,2.0,0.3861241619754078,148.0,0.014432697584654514,0.1,0.0,2,0.27676449637857375,6,0.6138758380245922,10,0.07665097418595498,15,0.008576949346558983,22,0.024131741982970252,40
23.0,10.0,0.7366493302182296,0.0,2.0,0.40513675441747676,157.5,0.015905996245090974,0.1,0.0,2,0.30576973303919847,6,0.5948632455825232,10,0.06447634656909984,15,0.009151205050655047,22,0.025739469678349076,40
23.5,9.999999999999998,0.7192468368055044,1.7763568394002505e-15,1.9999999999999991,0.43277341583939444,133.0,0.01734448991870198,0.1,0.0,2,0.3252533097803591,6,0.5672265841606056,10,0.0734019537792263,15,0.005008494218864287,22,0.02910965796938835,40
24.0,8.977184860628517,0.6990191005980507,1.0228151393714828,1.4885924303142586,0.5272658112741644,122.5,0.017309818283354494,0.1,0.0,2,0.39314387420585173,6,0.47273418872583556,10,0.09535071892099714,15,0.005186565345385155,22,0.0335846526937864,40
24.5,5.384799754549979,0.5122089640142599,0.6152002454500209,1.6923998772749895,0.5936090765351028,104.0,0.01727521595660607,0.1,0.0,2,0.40639092346489725,6,0.3700571240139516,10,0.1601848113934905,15,0.020757805157154932,22,0.04260933585150525,40
25.0,7.164093731593668,0.5574416692904441,1.1640937315936677,1.4179531342031662,0.5973850551906861,106.5,0.017240682799908813,0.1,0.0,2,0.4026149448093139,6,0.27644775189154636,10,0.21780218209286487,15,0.06436299496109574,22,0.03877212615392186,40
25.5,5.462112922819485,0.5433181064502312,0.5378870771805149,1.7310564614097426,0.507062554325346,105.0,0.017206218674991794,0.1,0.0,2,0.49293744567465403,6,0.17857041325407572,10,0.21297207958176323,15,0.08306717684251043,22,0.03245288455600036,40
26.0,7.1307998879362975,0.6306908775919644,1.1307998879362975,1.4346000560318513,0.4539457421812031,118.5,0.017171823443860486,0.1,0.0,2,0.5460542578187969,6,0.18417596554648832,10,0.17176157547656887,15,0.057908644593745395,22,0.040099556431503196,40
26.5,4.029320343662975,0.47697268767206885,1.9706796563370252,1.0146601718314874,0.44547748528768205,84.0,0.01713749696879621,0.1,0.0,2,0.554522514712318,6,0.21648668920879233,10,0.1517699437927477,15,0.03971520160000425,22,0.03750565054649882,40
27.0,5.174894030315901,0.5402948587925264,0.825105969684099,1.5874470151579505,0.5184692137815639,110.5,0.017103239112355586,0.1,0.0,2,0.4815307862184362,6,0.2772217237778015,10,0.1251019240172589,15,0.06338432981278082,22,0.052761236036575156,40
27.5,4.671286691467792,0.3601317456488596,1.3287133085322083,1.3356433457338959,0.6870707386321924,78.0,0.017069049737369987,0.1,0.0,2,0.3129292613678076,6,0.36810573701433585,10,0.1606516561917062,15,0.08719946951031031,22,0.07111387576077068,40
28.0,5.935778399467976,0.5225384708370548,0.06422160053202397,1.967889199733988,0.6283420389032781,112.0,0.017034928706944986,0.1,0.0,2,0.37165796109672183,6,0.3735612644630854,10,0.1676080992320296,15,0.03363792854659169,22,0.05353474649324867,40
28.5,4.863153521935385,0.38917194387528514,1.1368464780646148,1.4315767609676926,0.662828804850931,74.5,0.017000875884459806,0.1,0.0,2,0.337171195149069,6,0.32317461366092404,10,0.22732348006185432,15,0.04944605349944768,22,0.0628846574445186,40
29.0,7.9253050831942655,0.5217022741888729,1.9253050831942655,1.0373474584028672,0.6108465444124913,85.0,0.016966891133566774,0.1,0.0,2,0.38915345558750875,6,0.23959112506913988,10,0.26357775469206535,15,0.03638736774500928,22,0.07129029668030559,40
29.5,5.025053550307457,0.33180021370093465,0.9749464496925428,1.5125267751537286,0.725711992452504,61.5,0.016932974318190772,0.1,0.0,2,0.274288007547496,6,0.27768601441545654,10,0.3549757115032577,15,0.04387683236005826,22,0.04917343398962106,40
30.0,7.688083954234658,0.5114382325767178,1.6880839542346582,1.155958022882671,0.8054126389888688,89.5,0.01689912530252871,0.1,0.0,2,0.1945873610111312,6,0.4458605400872245,10,0.2734976822583473,15,0.03854837200043148,22,0.04750604446075825,40
30.5,9.190369643586884,0.6742843171425634,0.8096303564131162,1.595184821793442,0.4151012048706896,148.5,0.016865343951048956,0.1,0.0,2,0.15053282954473465,6,0.5848987951293104,10,0.16161307701053032,15,0.03735308970866094,22,0.0656022084060256,40
31.0,9.090345634308077,0.7489135000092921,0.9096543656919227,1.5451728171540386,0.2596591692544238,152.0,0.01836317095106754,0.1,0.0,2,0.0503388289786261,6,0.7403408307455762,10,0.08502702382019542,15,0.07692939369353378,22,0.0473639226324936,40
31.5,9.999999999999998,0.8114096195794481,1.7763568394002505e-15,1.9999999999999991,0.2267638224402948,183.0,0.019985990190226437,0.1,0.0,2,0.03468839558203512,6,0.7732361775597052,10,0.0958186291435168,15,0.05970691629578895,22,0.03654988130600176,40
32.0,10.0,0.8362755481558769,0.0,2.0,0.20821900396750448,186.0,0.02165854128653819,0.1,0.0,2,0.04492729521337881,6,0.7917809960324955,10,0.10433535171319724,15,0.02426046300816225,22,0.03469589391394791,40
32.5,8.220880172569668,0.7096384809288806,1.779119827430332,1.110440086284834,0.20736493826148494,161.0,0.023077818248395953,0.1,0.0,2,0.049281788022238676,6,0.7926350617385151,10,0.09441453484534931,15,0.026949491187576596,22,0.03671912408969247,40
33.0,8.239421360938561,0.636457247869609,1.760578639061439,1.1197106804692805,0.346516298576126,132.5,0.023031685689717408,0.1,0.0,2,0.09941318163557221,6,0.653483701423874,10,0.1407330579633107,15,0.05143371400868961,22,0.05493634482741945,40
33.5,7.5438358151197775,0.545995756306185,1.5438358151197775,1.2280820924401112,0.9599225100179136,76.5,0.022985645350023665,0.1,0.0,2,0.04007748998208638,6,0.7032157338249954,10,0.17398688667771336,15,0.03569270729223769,22,0.04702718209578399,40
34.0,8.370690381320518,0.5992878305036489,1.629309618679482,1.185345190660259,0.3549401719936345,135.0,0.022939697044968968,0.1,0.0,2,0.03263949697341612,6,0.6450598280063655,10,0.2159222500104237,15,0.06539399916938426,22,0.04098442573021654,40
34.5,11.38563590212335,0.6072984067212251,1.3856359021233509,1.8071820489383246,0.49349126574335833,111.5,0.022893840590576073,0.1,0.0,2,0.0406924930359822,6,0.5065087342566417,10,0.297007694022262,15,0.09064101243528683,22,0.06515006608105049,40
35.0,8.912170111167201,0.47915840125219317,1.0878298888327986,1.4560850555836007,0.5781934485901136,85.0,0.022848075803235512,0.1,0.0,2,0.060142343387115105,6,0.42180655140988643,10,0.3655605587522429,15,0.07249712719312221,22,0.07999341904426716,40
35.5,5.424319265171707,0.15227263479970107,0.5756807348282926,1.7121596325858537,0.9635789045868852,43.0,0.022802402499704846,0.1,0.0,2,0.03642109541311481,6,0.36472322893953757,10,0.41429722261523444,15,0.07331520864438121,22,0.11124324404739111,40
36.0,5.540319270772151,0.16394720799584891,0.4596807292278493,1.7701596353860753,0.9675640581482803,37.5,0.022756820497107935,0.1,0.0,2,0.032435941851719746,6,0.3911693382943834,10,0.33479867928791956,15,0.1089991981092371,22,0.1325968420711543,40
36.5,3.496597985384284,0.07275296891448803,1.496597985384284,1.251701007307858,1.0,30.0,0.022711329612934216,0.1,0.0,2,0.04331631651259971,6,0.43972219084562336,10,0.3477895026983768,15,0.0625482367738204,22,0.10662375279460398,40
37.0,5.736088203259261,0.27850895213382565,0.2639117967407394,1.8680441016296303,0.9215166038426027,86.0,0.02266592966503796,0.1,0.0,2,0.07848339615739734,6,0.5439578145212314,10,0.2611133284792718,15,0.05486358090648815,22,0.06158187970798894,40
37.5,6.60247831143155,0.33127575277654686,0.6024783114315504,1.6987608442842248,0.9576119600932088,53.0,0.02262062047163755,0.1,0.0,2,0.04238803990679115,6,0.5394007263932943,10,0.28548873229671873,15,0.05765956703156716,22,0.07506293415049517,40
38.0,8.55272497279398,0.5402023824246723,1.44727502720602,1.27636248639699,0.47469003171326374,102.0,0.022575401851314746,0.1,0.0,2,0.06578290935818638,6,0.5253099682867363,10,0.26973909025457443,15,0.05956329668111958,22,0.07960473521565022,40
38.5,5.784774828200463,0.2641307551314278,0.2152251717995366,1.8923874141002317,0.9240957832003835,77.5,0.022530273623013967,0.1,0.0,2,0.07590421679961645,6,0.4988016512162506,10,0.2846830997931627,15,0.05307099005206709,22,0.08754004187450452,40
39.0,5.139648199879836,0.2471068012994913,0.8603518001201644,1.5698240999399178,0.8222090920648438,52.0,0.022485235606041563,0.1,0.0,2,0.17779090793515614,6,0.2786798681164076,10,0.3248120472386278,15,0.1002021463069932,22,0.11851503004801157,40
39.5,3.37330560332449,0.23786443635474291,1.3733056033244901,1.313347198337755,1.0,58.5,0.022440287620065086,0.1,0.0,2,0.3130169986402496,6,0.27952201781598995,10,0.25227542177762163,15,0.04963188781397857,22,0.10555367361232386,40
40.0,4.919993135957776,0.3722614848799851,1.0800068640422236,1.4599965679788882,0.673049959641191,65.5,0.022395429485112577,0.1,0.0,2,0.32695004035880904,6,0.27257831956584855,10,0.23649746272317446,15,0.10202318061920011,22,0.061950996513591226,40
40.5,7.871101771576197,0.5002108860728732,1.871101771576197,1.0644491142119015,0.6997310085118388,85.5,0.022350661021571835,0.1,0.0,2,0.3002689914881612,6,0.3089999375184456,10,0.21538369260801407,15,0.13931926539531714,22,0.03602811287677021,40
41.0,9.069197515096482,0.6610869350662495,0.9308024849035181,1.534598757548241,0.44993507045120873,124.5,0.022305982050189712,0.1,0.0,2,0.19678253020819528,6,0.5500649295487913,10,0.14300655078090965,15,0.0744564507725307,22,0.03568953859263521,40
41.5,10.0,0.7322007823095145,0.0,2.0,0.3571230972543251,150.5,0.02377038361480874,0.1,0.0,2,0.12410961764184356,6,0.6428769027456749,10,0.15354375328362524,15,0.04297455126961823,22,0.036495174961039406,40
42.0,10.0,0.7259735769412633,0.0,2.0,0.3920792522833817,148.0,0.025222330768691268,0.1,0.0,2,0.20121083058185904,6,0.6079207477166183,10,0.1416721986231901,15,0.018804301076495125,22,0.03039192190873839,40
42.5,10.000000000000002,0.7539962817508459,1.7763568394002505e-15,2.000000000000001,0.3777423311830296,147.5,0.026730323332192957,0.1,0.0,2,0.2725991494177104,6,0.6222576688169704,10,0.07887651086793734,15,0.005127309989159808,22,0.021139360824026097,40
43.0,8.676301286597822,0.7217137678919172,1.3236987134021785,1.3381506432989108,0.4602194552767819,127.5,0.02817375086797679,0.1,0.0,2,0.3335868020088683,6,0.5397805447232181,10,0.07307988104680258,15,0.026129537087497837,22,0.027423235050807168,40
43.5,6.871200261233651,0.6664386940177436,0.8712002612336507,1.5643998693831747,0.5924450129874825,120.5,0.028117431539991702,0.1,0.0,2,0.4075549870125175,6,0.4717960270399342,10,0.07193479425665097,15,0.02267744080290021,22,0.026036750801073885,40
44.0,5.289832538937,0.6003125957260997,0.7101674610630004,1.6449162694684998,0.48900430796903616,131.5,0.028061224794343257,0.1,0.0,2,0.5109956920309638,6,0.3535068335066077,10,0.0697002249628787,15,0.036760041564914206,22,0.02903720783691263,40
44.5,4.896427850807052,0.5602223925886215,1.1035721491929484,1.4482139254035258,0.4838706607384947,107.0,0.028005130405979364,0.1,0.0,2,0.5161293392615053,6,0.32975518655694874,10,0.08064445051789462,15,0.03477284767252952,22,0.03869817586903495,40
45.0,6.0,0.6729387014936644,0.0,2.0,0.4030950022011415,124.5,0.027949148150297812,0.1,0.0,2,0.5969049977988585,6,0.1814717765120736,10,0.12857975769592428,15,0.05092452088405958,22,0.04211894697297267,40
45.5,6.000000000000001,0.6712733754008366,8.881784197001252e-16,1.9999999999999996,0.3819484060811805,140.0,0.027893277803145367,0.1,0.0,2,0.6180515939188195,6,0.12556769942157392,10,0.14396554443977655,15,0.06641917602836094,22,0.045995986094426324,40
46.0,6.0,0.6723238695889033,0.0,2.0,0.38841826748087194,135.5,0.02783751914081688,0.1,0.0,2,0.6115817325191281,6,0.14379240258751566,10,0.14648333573944308,15,0.04537880759063291,22,0.05276372144739442,40
46.5,6.0,0.6255221662154031,0.0,2.0,0.4512078896504549,124.0,0.027781871940054388,0.1,0.0,2,0.5487921103495451,6,0.18246095273180346,10,0.154656139416626,15,0.061791126248840034,22,0.05229967112201547,40
47.0,7.302542694019016,0.6006208915755361,1.3025426940190163,1.3487286529904918,0.5440383784045366,118.5,0.027726335978046218,0.1,0.0,2,0.4559616215954634,6,0.2687704649191083,10,0.16866286327933158,15,0.059474097040587204,22,0.04713095303986054,40
47.5,4.272731373233321,0.36633290789419937,1.727268626766679,1.1363656866166605,0.6375801059192582,73.0,0.027670911032426103,0.1,0.0,2,0.3624198940807418,6,0.3650223970814813,10,0.15690172093664165,15,0.06072693513780632,22,0.054929052601870455,40
48.0,4.901341555857856,0.36977290979721117,1.0986584441421439,1.450670777928928,0.7033248571904982,72.0,0.027615596881272284,0.1,0.0,2,0.29667514280950175,6,0.3884429823554448,10,0.20111182421840915,15,0.05315531472758942,22,0.06061473572871814,40
48.5,2.9066787414757793,0.2643510836925171,0.9066787414757793,1.5466606292621103,1.0,46.0,0.027560393303106622,0.1,0.0,2,0.4156284626267897,6,0.32821264848460024,10,0.15578729838629085,15,0.042470140853020207,22,0.05790144947203879,40
49.0,2.9002914667065682,0.27273469756173496,0.9002914667065682,1.5498542666467159,1.0,49.5,0.02750530007689371,0.1,0.0,2,0.44184368596548396,6,0.22353787698780303,10,0.19689909320227322,15,0.05556826607598517,22,0.08215107752950822,40
49.5,3.6473421823636363,0.33263527209186616,1.6473421823636363,1.1763289088181819,1.0,53.5,0.02745031698204,0.1,0.0,2,0.4281455909548651,6,0.16603371780894433,10,0.24069505589436954,15,0.08273446293599324,22,0.08239117219860681,40
50.0,6.866959175996989,0.48149969641823626,0.866959175996989,1.5665204120015055,0.6917452347982217,80.0,0.027395443798392902,0.1,0.0,2,0.3082547652017783,6,0.309610586769539,10,0.2518461987847595,15,0.07957138846704535,22,0.05071706060779056,40
50.5,7.203399912079349,0.5346762135364176,1.203399912079349,1.3983000439603255,0.8025648102062539,97.0,0.027340680306239915,0.1,0.0,2,0.19743518979374614,6,0.5347502611837346,10,0.18169518283053046,15,0.03414430905730476,22,0.051975056946199936,40
51.0,8.856976267924173,0.6894672096435353,1.143023732075827,1.4284881339620865,0.35936133134825954,130.5,0.027286026286307743,0.1,0.0,2,0.11690432878211246,6,0.6406386686517405,10,0.15782132386660505,15,0.04010792100177097,22,0.04452775757927413,40
51.5,7.428923821798683,0.5439955126201178,1.4289238217986826,1.2855380891006587,0.949431685845829,78.0,0.027231481519761413,0.1,0.0,2,0.05056831415417096,6,0.7111331374309711,10,0.15196379284419093,15,0.04775087986340696,22,0.03858387561372069,40
52.0,8.732280664047423,0.6774320358990656,1.2677193359525774,1.3661403320237113,0.32405609258334533,138.0,0.02717704578820341,0.1,0.0,2,0.06478049787602685,6,0.6759439074166547,10,0.1457068173188412,15,0.08331826705788507,22,0.030250510249193417,40
52.5,10.0,0.7376861954634074,0.0,2.0,0.31433702297845834,158.0,0.028652418179130223,0.1,0.0,2,0.04067959825424304,6,0.6856629770215417,10,0.1414400915804737,15,0.09222005321705745,22,0.039997279847654964,40
53.0,10.0,0.7863045733338021,0.0,2.0,0.2569988340388296,172.5,0.030225027325797828,0.1,0.0,2,0.01815900892177871,6,0.7430011659611704,10,0.14365069164432984,15,0.054844760723390694,22,0.04034437265050062,40
53.5,10.0,0.8027960648037676,0.0,2.0,0.2394145073597851,171.5,0.031830619455405364,0.1,0.0,2,0.013422968461501171,6,0.7605854926402149,10,0.14709374654104837,15,0.041954767626487414,22,0.036943024615170295,40
54.0,9.999999999999998,0.6963372622282249,1.7763568394002505e-15,1.9999999999999991,0.37126194515063615,143.0,0.03176699004711401,0.1,0.0,2,0.027708045444840457,6,0.6287380548493638,10,0.2253211680319177,15,0.07082284445556902,22,0.04740988709107211,40
54.5,7.789202295300266,0.48869234029206426,1.7892022953002664,1.1053988523498668,0.9468458451028715,77.5,0.03170348783400983,0.1,0.0,2,0.05315415489712845,6,0.566124865936129,10,0.22806349690074895,15,0.08486305194520431,22,0.06779443014987434,40
55.0,5.893723614228103,0.2685381817199238,0.10627638577189735,1.9468618071140513,0.9206617356464412,77.0,0.03164011256182964,0.1,0.0,2,0.07933826435355883,6,0.47585540065331905,10,0.276704032720317,15,0.05779348877712245,22,0.11030881313558652,40
55.5,3.3254433893192004,0.07466765543031008,1.3254433893192004,1.3372783053403998,1.0,44.5,0.031576863976818546,0.1,0.0,2,0.060891387069287484,6,0.39892345022202713,10,0.32963594218472575,15,0.05645403835248352,22,0.15409518166681918,40
56.0,3.207192529498271,0.08570120487986485,1.207192529498271,1.3964037352508645,1.0,47.0,0.031513741825728886,0.1,0.0,2,0.09331178211551991,6,0.3252769139920533,10,0.32555489127907067,15,0.10395236750169065,22,0.15190404471005614,40
56.5,2.2533398192901326,0.04997063629247028,0.2533398192901326,1.8733300903549337,1.0,56.0,0.03145074585581925,0.1,0.0,2,0.08179967091199604,6,0.34868637349665654,10,0.30184719368833707,15,0.14333817227401477,22,0.12432858929599404,40
57.0,3.731624901872636,0.09636752493146918,1.7316249018726362,1.134187549063682,1.0,38.5,0.03138787581485347,0.1,0.0,2,0.05869021252932354,6,0.46202030650097436,10,0.22506890726347334,15,0.15604191562300912,22,0.09817865776318999,40
57.5,3.499481843589545,0.08388545008062794,1.4994818435895452,1.2502590782052274,1.0,33.5,0.03132513145109958,0.1,0.0,2,0.04902485958139879,6,0.5132006272909291,10,0.2885466095852856,15,0.07229547188545571,22,0.076932431333497,40
58.0,5.698518682043555,0.2691719433332368,0.30148131795644506,1.8492593410217775,0.9406596216527984,73.0,0.03126251251332883,0.1,0.0,2,0.05934037834720161,6,0.5813548937258107,10,0.26328293835148087,15,0.017412130431700736,22,0.07860965883756997,40
58.5,3.539145331136107,0.14198104261376923,1.539145331136107,1.2304273344319465,1.0,34.5,0.031200018750814688,0.1,0.0,2,0.13315356382975882,6,0.4744555149600957,10,0.28973248258625756,15,0.014705148913382832,22,0.08795328937696054,40
